{
  "config": {
    "step": {
      "user": {
        "title": "Bluestar Smart AC Setup",
        "description": "Configure your Bluestar Smart AC integration. This integration works standalone by connecting directly to the Bluestar API. You can optionally use an MQTT gateway for enhanced performance.",
        "data": {
          "phone": "Phone Number",
          "password": "Password",
          "mqtt_gateway_url": "MQTT Gateway URL (optional - for enhanced performance)",
          "base_url": "Bluestar API Base URL"
        }
      }
    },
    "error": {
      "cannot_connect": "Unable to connect to Bluestar API. Please check your network connection and try again.",
      "invalid_auth": "Invalid credentials. Please check your phone number and password. The integration will try different phone number formats automatically.",
      "unknown": "Unexpected error occurred. Please check the logs for more details and try again."
    },
    "abort": {
      "already_configured": "This phone number is already configured."
    }
  },
  "options": {
    "step": {
      "init": {
        "title": "Bluestar Smart AC Options",
        "description": "Configure additional options for your Bluestar Smart AC integration.",
        "data": {
          "mqtt_gateway_url": "MQTT Gateway URL (optional - for enhanced performance)",
          "base_url": "Bluestar API Base URL"
        }
      }
    }
  }
}
